{
  "8020": {
    "full_name": "80/20 Bronze",
    "data": {
      "0.018": 7.672e-05,
      "0.02": 9.339e-05,
      "0.022": 0.0001053,
      "0.024": 0.0001136,
      "0.026": 0.0001338,
      "0.028": 0.0001588,
      "0.03": 0.0001757,
      "0.032": 0.0002084,
      "0.034": 0.0002542,
      "0.036": 0.0002584,
      "0.038": 0.0002792,
      "0.04": 0.0003181,
      "0.042": 0.0003528,
      "0.044": 0.0003931,
      "0.046": 0.0004257,
      "0.048": 0.0004494,
      "0.05": 0.0004949,
      "0.052": 0.0005161,
      "0.054": 0.0005561,
      "0.056": 0.0006078
    }
  },
  "8515": {
    "full_name": "85/15 Bronze",
    "data": {
      "0.02": 9.061e-05,
      "0.022": 9.971e-05,
      "0.024": 0.0001136,
      "0.026": 0.0001334,
      "0.028": 0.0001671,
      "0.03": 0.0001896,
      "0.032": 0.0002229,
      "0.034": 0.0002542,
      "0.036": 0.000259,
      "0.038": 0.0002931,
      "0.04": 0.0003078,
      "0.042": 0.0003681,
      "0.046": 0.0004116,
      "0.048": 0.0004661,
      "0.05": 0.0004977,
      "0.054": 0.0006005,
      "0.056": 0.0006328,
      "0.058": 0.0006515
    }
  },
  "fw": {
    "full_name": "Flatwound",
    "data": {
      "0.022": 9.44e-05,
      "0.024": 0.0001168,
      "0.026": 0.0001317,
      "0.028": 0.0001484,
      "0.03": 0.0001975,
      "0.032": 0.0002156,
      "0.034": 0.0002415,
      "0.036": 0.0002769,
      "0.04": 0.0003189,
      "0.042": 0.0003407,
      "0.044": 0.000359,
      "0.046": 0.0004127,
      "0.048": 0.0004437,
      "0.05": 0.0004149,
      "0.052": 0.000494,
      "0.054": 0.0005709
    }
  },
  "nps": {
    "full_name": "Nickel-Plated Steel",
    "data": {
      "0.016": 6.89e-05,
      "0.018": 7.82e-05,
      "0.02": 8.93e-05,
      "0.022": 9.91e-05,
      "0.024": 0.0001018,
      "0.026": 0.000124,
      "0.028": 0.0001283,
      "0.03": 0.0001634,
      "0.032": 0.0001896,
      "0.033": 0.00022702,
      "0.034": 0.0002339,
      "0.036": 0.0002365,
      "0.038": 0.0002655,
      "0.04": 0.0003076,
      "0.042": 0.0003122,
      "0.043": 0.00031963,
      "0.044": 0.0003215,
      "0.046": 0.0003806,
      "0.048": 0.0004052,
      "0.05": 0.0004709,
      "0.052": 0.0004788,
      "0.053": 0.00048801,
      "0.054": 0.000492,
      "0.056": 0.000659,
      "0.058": 0.0006736,
      "0.06": 0.0008791,
      "0.062": 0.0009084,
      "0.064": 0.00093771,
      "0.07": 0.00102562,
      "0.072": 0.00105492,
      "0.074": 0.00108422,
      "0.076": 0.00111353,
      "0.08": 0.001211
    }
  },
  "pb": {
    "full_name": "Phosphor Bronze",
    "data": {
      "0.018": 7.394e-05,
      "0.02": 8.506e-05,
      "0.022": 9.971e-05,
      "0.024": 0.0001247,
      "0.026": 0.0001556,
      "0.028": 0.0001644,
      "0.03": 0.0002062,
      "0.032": 0.0002139,
      "0.034": 0.0002431,
      "0.036": 0.0002611,
      "0.038": 0.0002931,
      "0.04": 0.0003146,
      "0.042": 0.000359,
      "0.044": 0.0003868,
      "0.046": 0.0003987,
      "0.048": 0.0004716,
      "0.05": 0.0005005,
      "0.052": 0.0005105,
      "0.054": 0.0006116,
      "0.056": 0.0006283,
      "0.058": 0.000648
    }
  },
  "pn": {
    "full_name": "Pure Nickel Wound",
    "data": {
      "0.018": 7.424e-05,
      "0.022": 0.0001024,
      "0.024": 0.0001202,
      "0.026": 0.0001528,
      "0.028": 0.0001695,
      "0.03": 0.0001829,
      "0.032": 0.0002186,
      "0.034": 0.0002485,
      "0.036": 0.0002786,
      "0.038": 0.0003128,
      "0.04": 0.0003234,
      "0.042": 0.0003701,
      "0.044": 0.0004174,
      "0.046": 0.0004404,
      "0.048": 0.0004999,
      "0.05": 0.0005332,
      "0.052": 0.000564,
      "0.054": 0.0006025,
      "0.056": 0.0006762,
      "0.058": 0.000759
    }
  },
  "ps": {
    "full_name": "Plain Steel",
    "data": {
      "0.008": 1.609e-05,
      "0.0085": 1.709e-05,
      "0.009": 1.81e-05,
      "0.0095": 2.159e-05,
      "0.01": 2.27e-05,
      "0.0105": 2.5e-05,
      "0.011": 2.95e-05,
      "0.0115": 3.08e-05,
      "0.012": 3.4e-05,
      "0.0125": 3.54e-05,
      "0.013": 3.86e-05,
      "0.0135": 4.008e-05,
      "0.014": 4.77e-05,
      "0.015": 5.28e-05,
      "0.016": 5.9e-05,
      "0.017": 6.81e-05,
      "0.018": 7.27e-05,
      "0.019": 7.72e-05,
      "0.02": 8.41e-05,
      "0.021": 9.32e-05,
      "0.022": 0.0001159,
      "0.024": 0.0001432,
      "0.026": 0.0001568
    }
  },
  "ss": {
    "full_name": "Stainless Steel Wound",
    "data": {
      "0.018": 0.0001018,
      "0.02": 0.0001028,
      "0.022": 0.0001081,
      "0.024": 0.0001149,
      "0.026": 0.0001396,
      "0.028": 0.0001423,
      "0.03": 0.0001923,
      "0.032": 0.0002081,
      "0.034": 0.0002239,
      "0.036": 0.0002523,
      "0.038": 0.0002997,
      "0.04": 0.0003286,
      "0.042": 0.0003701,
      "0.044": 0.0003851,
      "0.046": 0.0003885,
      "0.048": 0.0004341,
      "0.05": 0.0004762,
      "0.052": 0.0005052,
      "0.054": 0.0005315,
      "0.056": 0.0006554,
      "0.058": 0.00068
    }
  }
}